title,text
Abdominal Pain - Consult,
Abrasions & Lacerations - ER Visit,
Accidental Celesta Ingestion - ER Visit,
Acute Inferior Myocardial Infarction,
Agitation - ER Visit,
Air Under Diaphragm - Consult,
Airway Compromise & Foreign Body - ER Visit,
Altered Mental Status - ER Visit,
Angina - Consult,
Ankle pain,
Ant Bait Exposure - ER Visit,
Asthma in a 5-year-old,
Blood In Toilet,
Blood in Urine - ER Visit,
Blood per Rectum,
Bronchiolitis - 2-month-old,
Chest Tube Insertion in ER,
Closed Head Injury,
Colostomy Failure,
Consult - ICU Management,
Consult/ER Report - OB/GYN,
Cut on Foot - ER Visit,
CVA Consult - ER Visit,
Dental Pain,
Dental Pain - Emergency Visit,
Difficulty Breathing - ER Visit ,
Ecstasy Ingestion - ER Visit,
ER Report - Chest Pain,
ER Report - Chest Pain & Fever,
ER Report - COPD,
ER Report - Rib Cage Pain,
ER Report - Stomach Pain,
ER Report - URI,
Fall - ER Visit,
Fall & Laceration,
Feeling Dizzy - ER Visit ,
Fiberoptic Bronchoscopy with Lavage,
Foot Pain,
Foreign Body - Right Nose,
Gardnerella Bacterial Vaginosis,
Gastrointestinal Bleed - ER Visit,
Head Injury,
Headache - Emergency Visit,
Headache - Urgent Care Visit,
Hematuria - ER Visit,
Hepatic Encephalopathy,
High PT-INR - ER Visit,
Hip Fracture - ER Consult,
Hydrocarbon Aspiration - ER Visit,
Hyperbilirubinemia - 4-day-old,
Hypertension - Consult,
Intracranial aneurysm - ER Visit,
Itchy Rash - ER Visit,
Jaw Pain - ER Visit,
Leaking Nephrostomy Tube,
Left Lower Quadrant Pain - ER Visit,
Mastoiditis - Discharge Summary,
Melena - ICU Followup,
Motor Vehicle Accident,
MRSA Infection - ER Visit,
Nausea - ER Visit,
Nausea & Vomiting - ER Visit,
Not Feeling Well - ER Visit,
Pain from Hernia - ER Consult,
Penile Injury,
Penile Mass - Emergency Visit,
Proctitis & Proctocolitis,
Shone complex,
Sickle Cell Anemia - ER Visit,
Syncope - ER Visit,
Syncope - ER Visit - 1,
Testicular Pain,
Toothache - ER Visit,
Urgent Cardiac Cath,
Viral Syndrome - ER Visit,
Abdominal Pain %2D Consult,
Abrasions %26 Lacerations %2D ER Visit,
Accidental Celesta Ingestion %2D ER Visit,
Acute Inferior Myocardial Infarction,
Agitation %2D ER Visit,
Air Under Diaphragm %2D Consult,
Airway Compromise %26 Foreign Body %2D ER Visit,
Altered Mental Status %2D ER Visit,
Angina %2D Consult,
Ankle pain,
Ant Bait Exposure %2D ER Visit,
Asthma in a 5%2Dyear%2Dold,
Blood In Toilet,
Blood in Urine %2D ER Visit,
Blood per Rectum,
Bronchiolitis %2D 2%2Dmonth%2Dold,
Chest Tube Insertion in ER,
Closed Head Injury,
Colostomy Failure,
Consult %2D ICU Management,
Consult/ER Report %2D OB/GYN,
Cut on Foot %2D ER Visit,
CVA Consult %2D ER Visit,
Dental Pain,
Dental Pain %2D Emergency Visit,
Difficulty Breathing %2D ER Visit ,
Ecstasy Ingestion %2D ER Visit,
ER Report %2D Chest Pain,
ER Report %2D Chest Pain %26 Fever,
ER Report %2D COPD,
ER Report %2D Rib Cage Pain,
ER Report %2D Stomach Pain,
ER Report %2D URI,
Fall %2D ER Visit,
Fall %26 Laceration,
Feeling Dizzy %2D ER Visit ,
Fiberoptic Bronchoscopy with Lavage,
Foot Pain,
Foreign Body %2D Right Nose,
Gardnerella Bacterial Vaginosis,
Gastrointestinal Bleed %2D ER Visit,
Head Injury,
Headache %2D Emergency Visit,
Headache %2D Urgent Care Visit,
Hematuria %2D ER Visit,
Hepatic Encephalopathy,
High PT%2DINR %2D ER Visit,
Hip Fracture %2D ER Consult,
Hydrocarbon Aspiration %2D ER Visit,
Hyperbilirubinemia %2D 4%2Dday%2Dold,
Hypertension %2D Consult,
Intracranial aneurysm %2D ER Visit,
Itchy Rash %2D ER Visit,
Jaw Pain %2D ER Visit,
Leaking Nephrostomy Tube,
Left Lower Quadrant Pain %2D ER Visit,
Mastoiditis %2D Discharge Summary,
Melena %2D ICU Followup,
Motor Vehicle Accident,
MRSA Infection %2D ER Visit,
Nausea %2D ER Visit,
Nausea %26 Vomiting %2D ER Visit,
Not Feeling Well %2D ER Visit,
Pain from Hernia %2D ER Consult,
Penile Injury,
Penile Mass %2D Emergency Visit,
Proctitis %26 Proctocolitis,
Shone complex,
Sickle Cell Anemia %2D ER Visit,
Syncope %2D ER Visit,
Syncope %2D ER Visit %2D 1,
Testicular Pain,
Toothache %2D ER Visit,
Urgent Cardiac Cath,
Viral Syndrome %2D ER Visit,
Abdominal Pain %2D Consult,
Abrasions %26 Lacerations %2D ER Visit,
Accidental Celesta Ingestion %2D ER Visit,
Acute Inferior Myocardial Infarction,
Agitation %2D ER Visit,
Air Under Diaphragm %2D Consult,
Airway Compromise %26 Foreign Body %2D ER Visit,
Altered Mental Status %2D ER Visit,
Angina %2D Consult,
Ankle pain,
Ant Bait Exposure %2D ER Visit,
Asthma in a 5%2Dyear%2Dold,
Blood In Toilet,
Blood in Urine %2D ER Visit,
Blood per Rectum,
Bronchiolitis %2D 2%2Dmonth%2Dold,
Chest Tube Insertion in ER,
Closed Head Injury,
Colostomy Failure,
Consult %2D ICU Management,
Consult/ER Report %2D OB/GYN,
Cut on Foot %2D ER Visit,
CVA Consult %2D ER Visit,
Dental Pain,
Dental Pain %2D Emergency Visit,
Difficulty Breathing %2D ER Visit ,
Ecstasy Ingestion %2D ER Visit,
ER Report %2D Chest Pain,
ER Report %2D Chest Pain %26 Fever,
ER Report %2D COPD,
ER Report %2D Rib Cage Pain,
ER Report %2D Stomach Pain,
ER Report %2D URI,
Fall %2D ER Visit,
Fall %26 Laceration,
Feeling Dizzy %2D ER Visit ,
Fiberoptic Bronchoscopy with Lavage,
Foot Pain,
Foreign Body %2D Right Nose,
Gardnerella Bacterial Vaginosis,
Gastrointestinal Bleed %2D ER Visit,
Head Injury,
Headache %2D Emergency Visit,
Headache %2D Urgent Care Visit,
Hematuria %2D ER Visit,
Hepatic Encephalopathy,
High PT%2DINR %2D ER Visit,
Hip Fracture %2D ER Consult,
Hydrocarbon Aspiration %2D ER Visit,
Hyperbilirubinemia %2D 4%2Dday%2Dold,
Hypertension %2D Consult,
Intracranial aneurysm %2D ER Visit,
Itchy Rash %2D ER Visit,
Jaw Pain %2D ER Visit,
Leaking Nephrostomy Tube,
Left Lower Quadrant Pain %2D ER Visit,
Mastoiditis %2D Discharge Summary,
Melena %2D ICU Followup,
Motor Vehicle Accident,
MRSA Infection %2D ER Visit,
Nausea %2D ER Visit,
Nausea %26 Vomiting %2D ER Visit,
Not Feeling Well %2D ER Visit,
Pain from Hernia %2D ER Consult,
Penile Injury,
Penile Mass %2D Emergency Visit,
Proctitis %26 Proctocolitis,
Shone complex,
Sickle Cell Anemia %2D ER Visit,
Syncope %2D ER Visit,
Syncope %2D ER Visit %2D 1,
Testicular Pain,
Toothache %2D ER Visit,
Urgent Cardiac Cath,
Viral Syndrome %2D ER Visit,
